{
  "n": 804,
  "top1_precision_mean": 0.5925124240588943,
  "top1_recall_mean": 0.7305624050553791,
  "top1_f1_mean": 0.6395599486006225,
  "top100_precision_mean": 0.7644263629665453,
  "top100_recall_mean": 0.854067492436788,
  "top100_f1_mean": 0.7943682631164249,
  "top1_mcc_mean": 0.6474437793757974,
  "top100_mcc_mean": 0.8003373797337909,
  "top1_precision_median": 0.6428571428571429,
  "top1_recall_median": 0.8235294117647058,
  "top1_f1_median": 0.7044263249854397,
  "top100_precision_median": 0.8461538461538461,
  "top100_recall_median": 0.9333333333333333,
  "top100_f1_median": 0.875,
  "delta_f1_mean": 0.15480831451580238,
  "delta_f1_median": 0.10676561533704382,
  "p_best100_ge_0p7": 0.746268656716418,
  "p_best100_ge_0p9": 0.42786069651741293,
  "min_n_predictions": 10,
  "p_best_rank_le_10": 0.30223880597014924,
  "best_rank_median": 30.0,
  "best_rank_p90": 87.0,
  "best_rank_max": 100,
  "p_delta_f1_ge_0p3": 0.1417910447761194
}
