{
  "n": 804,
  "top1_precision_mean": 0.588438911321201,
  "top1_recall_mean": 0.7273147416034778,
  "top1_f1_mean": 0.6358991281922236,
  "top100_precision_mean": 0.754019727418256,
  "top100_recall_mean": 0.84441428498024,
  "top100_f1_mean": 0.7843141553247022,
  "top1_mcc_mean": 0.6437713490261315,
  "top100_mcc_mean": 0.7902315476511914,
  "top1_precision_median": 0.6363636363636364,
  "top1_recall_median": 0.8181818181818182,
  "top1_f1_median": 0.7013513513513514,
  "top100_precision_median": 0.84,
  "top100_recall_median": 0.9333333333333333,
  "top100_f1_median": 0.8717948717948718,
  "delta_f1_mean": 0.14841502713247873,
  "delta_f1_median": 0.10428600382482778,
  "p_best100_ge_0p7": 0.7313432835820896,
  "p_best100_ge_0p9": 0.43034825870646765,
  "min_n_predictions": 1,
  "p_best_rank_le_10": 0.30472636815920395,
  "best_rank_median": 29.0,
  "best_rank_p90": 85.0,
  "best_rank_max": 100,
  "p_delta_f1_ge_0p3": 0.13805970149253732
}
